{"tasa_aprendizaje":0.5,"iteraciones":10000,"w1":{"v":1,"dim":[2,4],"data":[5.6887447219026805,-2.9646650076506273,5.76961960200688,-6.007827141968813,5.303536535193468,-2.7539290730736417,5.686460323210796,-5.762338642438259]},"b1":{"v":1,"dim":[4],"data":[-1.7678297339898,-0.66394562258197,-8.601914347783817,2.005578951236814]},"w2":{"v":1,"dim":[4],"data":[7.834768483626009,-2.354131862988765,-14.933871607262777,-8.59812985663369]},"b2":0.0012869923012376787}