{"pesos":[{"v":1,"dim":[5,10],"data":[-0.6495759483774257,0.13982285887565374,0.46637235911580655,0.18834347603260684,-0.09446614811435414,-0.08934038182451427,-0.37833561087840434,-0.9590514793512293,1.3751486288081254,-0.11280491660125454,-0.32563949951031346,0.2297579614396005,0.2837109085882074,-0.519590431283095,-0.2829821097931871,-0.06561399867545128,0.5033735132616812,-0.12321519230075086,-0.7961530834551492,-0.15414799116891814,-1.1922980636765963,0.32952258234441373,0.3675902148502365,-1.0587545748748703,1.2566567527652657,-0.0028935052390284062,-0.34427087262217265,0.6289425793942177,-0.1847427764251317,0.25692542189555134,0.19767183874586572,-0.1751422529700272,-0.9857526282492017,-0.2868445401326511,1.2506222450261226,0.07350630469284704,0.054431007286471475,0.46591261977917064,0.07943259200041122,-0.590164486284797,-1.169260043881006,-0.7914783961449575,-0.6207552952459862,-1.2998845943792505,0.6418047536027709,0.12148776429126791,1.2327589100193634,-0.7593565162755317,0.1158517621610891,0.5398511745857422]},{"v":1,"dim":[10,8],"data":[0.13177419477620272,0.3281779662114878,0.26827824725460875,-0.3960322483158206,-0.9279674789399593,-0.3636488894205805,0.1372100991285315,-0.6184300858974072,0.1821172149041512,-0.17754360187616036,-0.6593548972905087,0.27992715708771804,0.6289070087597736,-0.8011022139023742,0.2501291087867168,-0.5997594012608083,-0.2816599258610716,-0.10092900383941691,-0.2732608301192897,0.5239461307332939,0.7270847754691698,0.057468395380819215,0.6117892227945317,-0.3704837394585653,-0.2822353433915549,0.7563960793569132,-0.5878108670078672,-0.12674647459855565,-0.15461915184485864,-0.366573558310113,-0.2629920555930324,0.6791945412822684,-0.3368096610554258,0.024162027455041913,-0.2994059336503064,0.2205339088234165,-0.46531860194416275,0.9836757056456166,-0.0896286016905388,0.4887138897427102,-0.8385050996195482,-0.6235991641428407,-0.34743658950446543,0.4418774702619229,-0.07769085561593551,0.4530598012630064,0.6492002053422729,-0.5008120363688391,-0.35200338322662267,0.3314654227377117,0.3119088239598587,-0.4411711564277067,-0.4577913145295377,0.16875231777983682,0.6598488284854771,-0.09146350761753215,-0.20542293588412874,-0.11919474966934697,0.799208366834403,0.15093027629236108,0.2028532373759879,0.018444293501251565,-0.03623403437187298,-0.15792157361945247,0.6051038916340261,-0.03808034885806576,0.7348020614486545,-0.39969171073334897,0.04967251709241431,-0.025187730923481602,0.04997384448284967,-0.10094957457346646,0.4168351276026529,-0.5541731380251723,0.2013384923158368,0.942197675687022,-0.043069871125603516,0.6468592586871856,0.8151554314146953,-0.07132173243194816]},{"v":1,"dim":[8,1],"data":[0.1809213753220171,0.21131467590197975,-0.6322219724108115,-1.049031298428983,-0.18443714253808738,-0.33933380085459847,0.21166543824888964,-0.6292367783859751]}],"sesgos":[{"v":1,"dim":[1,10],"data":[0.0,0.0,0.0,0.0,0.0,0.0,0.0,0.0,0.0,0.0]},{"v":1,"dim":[1,8],"data":[0.0,0.0,0.0,0.0,0.0,0.0,0.0,0.0]},{"v":1,"dim":[1,1],"data":[0.0]}],"learning_rate":0.05}