{"pesos":[{"v":1,"dim":[2,4],"data":[-0.3477329040906515,-3.3233439426172935,-0.31270099651752203,3.3039968526992856,-0.12306433431783703,3.3231500708069888,-0.18701159359227212,-3.3041959652670148]},{"v":1,"dim":[4,1],"data":[-0.00488936497558754,4.5562818006940065,-0.7826289600578687,4.5821978462834885]}],"sesgos":[{"v":1,"dim":[1,4],"data":[0.0,-0.0001154822211395181,0.0,0.000015480113573618034]},{"v":1,"dim":[1,1],"data":[-6.668134614314475]}],"learning_rate":0.1}