{"pesos":[{"v":1,"dim":[4,8],"data":[-0.4984921325863759,0.2570817353953241,0.5092245521652068,0.7082579832315441,1.3199537156912782,0.7314562605800285,1.0126357891518325,0.14655020846778297,-0.024871910016799434,0.21330390893259907,0.8789269900449311,-0.45327375166259937,-0.5797959667229,-0.4979067745672427,0.4041136886934188,0.29696844706321623,0.026632102126043604,-0.16408852096564833,-0.18441826344823212,-0.5258560995091701,0.7422033251572246,0.1926229949124575,0.09348648286734451,0.22278478227698276,-2.063259511115472,0.31959846509554113,-0.43101580132165,1.7245709043111372,0.2119059106249929,-0.23172718046264076,0.039932447237703686,0.13963831036119695]},{"v":1,"dim":[8,3],"data":[0.6843951115442797,0.9896741013099732,0.7102805428808149,-0.012732835172987185,-0.1597355951776569,-0.455683561930637,0.46253096863602833,0.1326730749522442,0.44526299948287257,-0.41347421394318745,-0.274807897362586,0.8068727644693009,-0.3250317955078394,0.97376635850017,-0.480626769241043,0.5081617885151827,-0.2690911114538789,-0.7349967922309573,0.2797642968610939,-0.08910984387955287,-1.2243563878773678,-0.27427584244833664,0.39594879341260325,-0.5600843187595546]}],"sesgos":[{"v":1,"dim":[1,8],"data":[0.0,0.0,0.0,0.0,0.0,0.0,0.0,0.0]},{"v":1,"dim":[1,3],"data":[0.0,0.0,0.0]}],"lr":0.1}