{"conv":{"weights":{"v":1,"dim":[8,1,5],"data":[0.1753353,-0.31386104,1.0684199,0.5996798,1.3065666,0.20252484,0.2906815,0.44150248,-1.0435256,0.16531299,0.4840386,-0.2083534,-0.15278824,-0.4765267,0.34497407,-0.9178464,0.680586,-0.62367725,-0.7776225,-0.91284204,1.1836257,0.64244246,0.6680965,-0.818283,0.05027917,-0.15610409,1.3990564,0.22857279,0.41681603,0.16346551,-0.52401865,-0.123988114,-0.12576227,-0.3129339,0.26919758,-0.59812796,-0.14243923,-0.010473468,-0.66910326,-0.2182491]},"bias":{"v":1,"dim":[8],"data":[-0.03944617,-0.040200528,0.0014333666,-0.022130258,-0.07189153,-0.050038937,-0.025629304,-0.022106962]},"stride":1},"dense":{"weights":{"v":1,"dim":[496,2],"data":[0.054068286,-0.004712895,0.014779027,0.052871987,-0.020022802,-0.032588415,-0.0033126094,0.03989785,-0.052094184,-0.041578054,0.0013110869,-0.0061238795,-0.059759956,0.011142221,0.01557131,0.06484008,0.044678234,-0.027648605,-0.02195772,-0.0018313632,0.048804633,0.032592393,0.023820072,-0.0065029454,-0.02764326,-0.05773818,-0.0041623856,-0.02352723,0.026175108,0.020748751,-0.027199356,-0.036846526,-0.007085369,0.03469126,0.101428464,-0.08846901,0.045227416,0.02101166,-0.056834206,-0.03843856,0.03746693,0.018939974,-0.014728764,0.050766606,0.019917917,0.027126208,0.06864824,0.01611119,0.06431182,0.05984472,-0.030739851,-0.014902471,-0.018186538,0.02694654,-0.005011593,-0.09807487,-0.00013080884,-0.02128925,0.0032403036,0.01770182,0.0028985757,-0.04995433,0.057077564,-0.024171015,0.055085007,0.036630504,0.05121104,-0.013846376,-0.08779665,0.017723754,0.007075439,0.02505525,0.059506033,-0.008244034,-0.05166621,0.03968611,0.023138076,-0.025069242,-0.006499898,0.019534506,-0.0014827959,-0.054098573,0.03337693,0.013644079,0.015148228,0.023813782,-0.047864918,0.018975854,-0.13528834,-0.041628495,0.00048977596,0.06435688,-0.03255085,0.013827374,0.039731618,0.041588116,0.0085542025,0.009938194,0.018858047,0.068156146,0.01694643,0.07294909,0.013739216,0.0044629374,-0.010061677,-0.09049355,0.0025354102,-0.006540269,-0.017355537,-0.12478219,-0.13524629,-0.033380076,-0.07877288,-0.04192981,0.07122537,0.08814115,0.01516448,-0.04309405,0.009484626,-0.03653014,-0.02748542,-0.03731732,0.046986673,0.046789262,0.04548725,-0.0071177753,0.0105807,0.05671388,0.034593947,0.0049427547,-0.02351996,0.05521292,0.037995644,-0.019262038,0.02574223,0.041561358,-0.107491195,-0.023708208,-0.035169773,-0.042714033,-0.059022125,-0.06834794,-0.027612196,-0.11404972,0.001051202,-0.017681746,-0.025567042,0.1189778,-0.1004608,-0.046549413,-0.097288325,0.0085199205,0.0214215,0.0040061427,-0.03560867,0.016175464,-0.046306722,-0.017112581,0.047296498,0.012627015,0.030650461,-0.003263076,0.09147726,0.064622544,0.04330255,0.06796136,0.011437316,-0.023924826,0.026799556,0.014320247,0.024832975,-0.0048796213,0.014014638,0.041736457,-0.104785725,0.0053022983,-0.04825817,-0.0025161742,0.027020106,-0.051515207,-0.04712284,0.008416507,0.05185571,0.10026382,-0.019442234,-0.069126874,-0.044061456,0.01524967,0.013468881,-0.04678146,-0.005261992,0.027086534,0.03656184,-0.08384816,-0.0024422805,0.09465053,-0.010479887,0.06329995,0.09532746,0.0142483255,0.0017114511,-0.011814483,0.14387454,-0.015490879,0.053166203,-0.053880848,-0.025740333,0.029431906,-0.050213035,-0.023696166,-0.010238151,-0.00018770664,-0.063066445,0.023736699,0.04844338,-0.05098821,0.08539593,-0.011255275,-0.013724974,0.027568758,0.0035967038,-0.014272981,0.007391243,0.064044036,-0.025718186,0.036527485,0.030415758,0.06447355,-0.03555016,0.008532405,0.052438732,0.019244952,0.0026726455,-0.016799306,0.10646071,-0.02317574,0.04364845,-0.06848085,0.0188083,0.054560415,0.00049664464,0.004504963,0.010033258,-0.012695295,-0.00025133227,-0.0020038763,-0.025950767,-0.019423403,0.060667593,0.068782695,-0.09186881,-0.05019038,0.004540582,-0.02263078,-0.04816714,0.013023002,0.024939265,0.020357665,-0.0061297175,-0.034770295,0.06522441,-0.02132842,-0.047169637,-0.016927192,0.088402875,0.023750998,0.11415459,-0.09401171,-0.03721007,-0.055039924,-0.0005178978,0.05333133,-0.1003096,-0.041303612,0.02260409,-0.029784543,0.026316859,-0.0026452972,0.0038111964,0.006176625,0.0060088662,0.016523197,0.05365439,0.050929133,-0.03789532,0.015571465,-0.052940752,0.06481838,0.0108449,-0.023296459,0.042585034,0.117539234,-0.025471542,0.0491529,-0.060745515,-0.0148775,0.006808883,-0.04020253,0.024914583,-0.1471174,-0.003991033,-0.0047628907,0.020110235,0.08677362,0.004734553,-0.05545663,-0.14017533,0.047242146,-0.044862784,0.049422678,0.06688473,0.08346743,-0.0047225594,-0.0101222955,-0.009801242,0.030235663,0.020571912,0.045922175,-0.021035768,0.08191102,-0.10639709,0.0674757,-0.037404615,0.023217045,0.15536408,-0.05631785,0.029900186,0.068978995,-0.066775545,-0.0061151916,-0.026124498,-0.061997794,-0.024978092,-0.04928227,-0.07026253,-0.0033273664,-0.03694763,0.03124702,-0.0634175,0.085017316,0.0020926741,0.009885693,-0.082719296,0.034554422,-0.06093744,-0.0030472965,-0.050171882,0.036424477,-0.08037728,0.046782564,-0.034363233,0.048281074,-0.028558372,-0.056364447,0.061812863,-0.07395056,-0.0106714275,0.062364355,0.0350533,0.07197248,-0.011168339,-0.019521384,-0.04253905,0.041089844,0.015540567,-0.074056365,-0.027378693,-0.008553509,0.0011338778,-0.034174908,-0.09299076,0.08110675,0.07935887,0.021153966,0.03266921,0.014168179,0.12167277,0.0076076463,-0.020346414,-0.030705884,-0.0018751331,0.014586281,0.012105082,-0.030946385,0.016822416,-0.00705674,-0.023988362,-0.055240706,-0.0076106973,0.017675094,0.085478574,0.0012950703,-0.01119784,-0.05202205,0.01740052,-0.038789984,-0.11451573,0.012291626,0.048879936,-0.049746916,0.015415308,-0.0027375743,0.03960463,0.0018604783,-0.0063381353,-0.05591292,0.014550525,0.010234535,-0.0007443237,-0.008420425,0.03045171,0.037716873,0.052141346,-0.023627464,-0.024593791,-0.036026314,0.03559355,0.008460753,0.035778575,-0.005430869,-0.00043849146,0.020958802,0.02295009,-0.017492305,0.0015437574,-0.08564168,-0.0013236061,0.036022402,-0.019069111,0.010329566,-0.031620245,0.016568443,0.010773315,-0.02183332,0.011056817,-0.0053752568,0.0067710984,-0.040571064,0.009987253,0.0012381559,-0.017332163,0.00006711653,0.053076096,-0.03443425,0.045506127,-0.037640862,-0.029687019,-0.0033913802,0.0085525,0.011202491,-0.12856203,-0.052806344,0.0062500606,-0.053707372,-0.003959278,0.03060392,-0.060673412,-0.07296106,0.021052375,0.04114117,0.052871335,-0.002274985,-0.016193954,0.024178961,0.05509435,-0.018011827,0.02906466,-0.0052527264,-0.010395155,0.00919685,0.076488145,0.034473583,-0.013440264,0.004686334,0.03213054,0.027719036,0.07769952,-0.035321,-0.012244572,-0.02306466,-0.00062381756,-0.012939126,-0.034427248,0.0057852436,-0.031028392,0.015321342,0.022070225,0.01678509,-0.04242596,0.019332377,0.0078019146,-0.03889154,-0.0022249517,-0.013074302,0.022490771,-0.03557864,-0.03469921,0.032632224,-0.032895323,-0.0022501,-0.0153292585,-0.0016011279,0.039674312,-0.008162275,-0.004182379,-0.011337891,0.021125637,-0.00021207517,-0.01537786,0.0028304423,0.017360086,0.030425534,0.009569464,0.047718003,-0.06305072,0.03273241,-0.031058662,0.037045345,0.022178935,-0.08264127,0.017763395,0.00797307,0.06651382,0.05086859,-0.035435706,0.047003087,-0.02452344,0.014108537,0.0072576236,0.024768665,-0.026711967,-0.020867841,0.047475893,0.02076406,-0.008411674,-0.08921425,0.031439178,0.01752607,-0.017554909,0.021740213,0.014470103,-0.06622661,0.0019091583,-0.04380297,-0.08059401,-0.03510512,0.01016948,0.03731094,0.0040376405,-0.018835196,-0.03291471,0.015619223,0.01718454,-0.0012974316,-0.14074841,0.060346525,0.023314705,0.02929646,0.011526749,0.0099326605,-0.027744437,0.017408332,-0.058016416,-0.056960452,-0.10852801,0.040810738,0.03472318,-0.071138375,0.051080756,-0.02123154,-0.124412835,-0.0068369927,-0.0086180195,0.048860088,-0.03142397,0.06397612,0.03192981,0.019585589,0.011690028,0.042262234,0.014613303,-0.019411312,-0.05783153,-0.003578466,0.052143004,-0.069032766,0.077683605,-0.019002812,-0.036341887,-0.034850094,0.04879226,-0.0040679006,-0.0056688935,0.06334139,0.016655913,