{"tasa_aprendizaje":0.1,"iteraciones":1000,"pesos":[0.9523553365934659,0.9523553365934657],"sesgo":-5.96044469411461}