{"tasa_aprendizaje":0.1,"iteraciones":5000,"pesos":{"v":1,"dim":[3],"data":[2.106613620039406,1.670280601288889,-5.785114666325122]},"sesgo":-2.3566614208189103}